"xval","cp","maxdepth","minbucket","auc"
0,0.00839792825654149,9,3,0.764711044525327
